{"cameraMode":{"drawMode":0,"name":"Shaded","section":"Shading Mode"},"sceneLighting":false,"audioPlay":false,"sceneViewState":{"m_AlwaysRefresh":false,"showFog":true,"showSkybox":false,"showFlares":true,"showImageEffects":true,"showParticleSystems":true,"showVisualEffectGraphs":true,"m_FxEnabled":true},"in2DMode":false,"pivot":{"x":11.15999984741211,"y":0.6349999904632568,"z":14.930000305175782},"rotation":{"x":0.1529812216758728,"y":0.016999907791614534,"z":-0.0026102594565600158,"w":0.9881399273872376},"size":11.583731651306153,"orthographic":true}