{"cameraMode":{"drawMode":0,"name":"Shaded","section":"Shading Mode"},"sceneLighting":true,"audioPlay":false,"sceneViewState":{"m_AlwaysRefresh":false,"showFog":true,"showSkybox":true,"showFlares":true,"showImageEffects":true,"showParticleSystems":true,"showVisualEffectGraphs":true,"m_FxEnabled":true},"in2DMode":false,"pivot":{"x":-5.72976541519165,"y":-3.5532853603363039,"z":-1.5611952543258668},"rotation":{"x":0.16217851638793946,"y":-0.001973717473447323,"z":0.00032423820812255144,"w":0.986761212348938},"size":18.251373291015626,"orthographic":true}