{"cameraMode":{"drawMode":0,"name":"Shaded","section":"Shading Mode"},"sceneLighting":true,"audioPlay":false,"sceneViewState":{"m_AlwaysRefresh":false,"showFog":true,"showSkybox":true,"showFlares":true,"showImageEffects":true,"showParticleSystems":true,"showVisualEffectGraphs":true,"m_FxEnabled":true},"in2DMode":false,"pivot":{"x":26.012645721435548,"y":-7.9368743896484379,"z":36.14494323730469},"rotation":{"x":0.2883012294769287,"y":-0.1533166617155075,"z":0.04681969806551933,"w":0.9440294504165649},"size":19.605045318603517,"orthographic":true}