{"cameraMode":{"drawMode":0,"name":"Shaded","section":"Shading Mode"},"sceneLighting":true,"audioPlay":false,"sceneViewState":{"m_AlwaysRefresh":false,"showFog":true,"showSkybox":true,"showFlares":true,"showImageEffects":true,"showParticleSystems":true,"showVisualEffectGraphs":true,"m_FxEnabled":true},"in2DMode":false,"pivot":{"x":-0.20672844350337983,"y":6.37103271484375,"z":-19.11237144470215},"rotation":{"x":0.03538068011403084,"y":0.023483118042349817,"z":-0.0008315686136484146,"w":0.9990978837013245},"size":6.990739345550537,"orthographic":true}