{"cameraMode":{"drawMode":0,"name":"Shaded","section":"Shading Mode"},"sceneLighting":true,"audioPlay":false,"sceneViewState":{"m_AlwaysRefresh":false,"showFog":true,"showSkybox":true,"showFlares":true,"showImageEffects":true,"showParticleSystems":true,"showVisualEffectGraphs":true,"m_FxEnabled":true},"in2DMode":false,"pivot":{"x":-5.72976541519165,"y":-3.5532853603363039,"z":-1.5611952543258668},"rotation":{"x":0.18633124232292176,"y":-0.09904450178146362,"z":0.018883636221289636,"w":0.9773002862930298},"size":36.91102981567383,"orthographic":true}