{"cameraMode":{"drawMode":0,"name":"Shaded","section":"Shading Mode"},"sceneLighting":true,"audioPlay":false,"sceneViewState":{"m_AlwaysRefresh":false,"showFog":true,"showSkybox":true,"showFlares":true,"showImageEffects":true,"showParticleSystems":true,"showVisualEffectGraphs":true,"m_FxEnabled":true},"in2DMode":false,"pivot":{"x":61.51382827758789,"y":53.204402923583987,"z":-26.001144409179689},"rotation":{"x":0.1628016084432602,"y":-0.5606730580329895,"z":0.11354077607393265,"w":0.8039007782936096},"size":0.5063115954399109,"orthographic":false}