{"cameraMode":{"drawMode":0,"name":"Shaded","section":"Shading Mode"},"sceneLighting":true,"audioPlay":false,"sceneViewState":{"m_AlwaysRefresh":false,"showFog":true,"showSkybox":true,"showFlares":true,"showImageEffects":true,"showParticleSystems":true,"showVisualEffectGraphs":true,"m_FxEnabled":true},"in2DMode":false,"pivot":{"x":-0.20672844350337983,"y":6.37103271484375,"z":-19.11237144470215},"rotation":{"x":-0.1365588903427124,"y":0.04180494695901871,"z":-0.005759515333920717,"w":-0.9898194670677185},"size":1.0081384181976319,"orthographic":true}