{"cameraMode":{"drawMode":0,"name":"Shaded","section":"Shading Mode"},"sceneLighting":false,"audioPlay":false,"sceneViewState":{"m_AlwaysRefresh":false,"showFog":true,"showSkybox":false,"showFlares":true,"showImageEffects":true,"showParticleSystems":true,"showVisualEffectGraphs":true,"m_FxEnabled":true},"in2DMode":false,"pivot":{"x":-0.06025981903076172,"y":1.261856198310852,"z":-0.42966794967651369},"rotation":{"x":0.1023610383272171,"y":0.896560788154602,"z":-0.32707667350769045,"w":0.2805846333503723},"size":1.6456081867218018,"orthographic":false}